{
	"Ka3_65_19A_D_2_07": {
		"D":2.07,
		"x":[0,0,0,0,0,0,0,1,1,1,1,1,1,1,2,2,2,2,2,2,2,3,3,3,3,3,3,3,4,4,4,4,4,4,4,5,5,5,5,5,5,5,6,6,6,6,6,6,6,0],
		"y":[0,1,2,3,4,5,6,0,1,2,3,4,5,6,0,1,2,3,4,5,6,0,1,2,3,4,5,6,0,1,2,3,4,5,6,0,1,2,3,4,5,6,0,1,2,3,4,5,6,7],
		"Axy":[0.028100,-0.143910,0.0,-0.383783,0.0,0.0,0.0,0.0,-0.429709,0.0,0.0,0.0,0.0,0.0,0.671268,0.0,0.286926,0.0,0.0,0.0,0.0,-0.182294,0.0,0.0,0.0,0.0,0.0,0.0,0.0,0.0,0.0,0.0,0.0,0.0,0.0,0.0,0.0,0.0,0.0,0.0,0.0,0.0,0.0,-0.017378,0.0,0.0,0.0,0.0,0.0,0.0],
		"Cxy":[0.006260,0.0,-0.017942,0.0,-0.008089,0.0,0.0,0.0,0.0,-0.016644,0.0,0.0,0.0,0.0,0.0,0.0,0.0,0.0,0.0,0.0,0.0,0.040041,0.0,0.0,0.0,0.0,0.0,0.0,0.0,0.0,0.0,0.0,0.0,0.0,0.0,0.0,0.0,0.0,0.0,0.0,0.0,0.0,-0.003460,-0.000674,0.001721,0.0,0.0,0.0,0.0,0.0]
	
	},
	"Ka4_55_19A_D_2_07": {
		"D":2.07,
		"x":[0,0,0,0,0,0,0,1,1,1,1,1,1,1,2,2,2,2,2,2,2,3,3,3,3,3,3,3,4,4,4,4,4,4,4,5,5,5,5,5,5,5,6,6,6,6,6,6,6,0],
		"y":[0,1,2,3,4,5,6,0,1,2,3,4,5,6,0,1,2,3,4,5,6,0,1,2,3,4,5,6,0,1,2,3,4,5,6,0,1,2,3,4,5,6,0,1,2,3,4,5,6,7],
		"Axy":[-0.375000,-0.203050,0.830306,-2.746930,0.0,0.0,0.067548,2.030070,-0.392301,-0.611743,4.319840,-0.341290,0.0,0.0,-3.031670,0.0,0.0,-2.007860,0.0,0.0,0.0,2.836970,0.0,0.0,0.391304,0.0,0.0,0.0,-0.994962,0.0,0.0,0.0,0.0,0.0,0.0,0.0,0.015742,0.0,0.0,0.0,0.0,0.0,0.043782,0.0,0.0,0.0,0.0,0.0,0.0,0.0],
		"Cxy":[-0.034700,0.018568,0.0,0.0,-0.195582,0.317452,-0.093739,0.158951,-0.048433,0.0,0.024157,0.0,-0.123376,0.0,-0.212253,0.0,0.0,0.0,0.0,0.0,0.0,0.156133,0.0,0.0,0.0,0.0,0.0,0.0,0.0,0.030740,0.073587,0.0,0.0,0.0,0.0,-0.031826,-0.014568,-0.109363,0.0,0.043862,0.0,0.0,0.007947,0.0,0.038275,0.0,-0.021971,0.0,0.000700,0.022850]
	},
	"Ka4_70_19A_D_2_07": {
		"D":2.07,
		"x":[0,0,0,0,0,0,0,1,1,1,1,1,1,1,2,2,2,2,2,2,2,3,3,3,3,3,3,3,4,4,4,4,4,4,4,5,5,5,5,5,5,5,6,6,6,6,6,6,6,0],
		"y":[0,1,2,3,4,5,6,0,1,2,3,4,5,6,0,1,2,3,4,5,6,0,1,2,3,4,5,6,0,1,2,3,4,5,6,0,1,2,3,4,5,6,0,1,2,3,4,5,6,7],
		"Axy":[0.030550,-0.148687,0.0,-0.391137,0.0,0.0,0.0,0.0,-0.432612,0.0,0.0,0.0,0.0,0.0,0.667657,0.0,0.0,0.0,0.0,0.0,0.0,-0.172529,0.0,0.0,0.0,0.0,0.0,0.0,0.0,0.0,0.0,0.0,0.0,0.0,0.0,0.0,0.0,0.0,0.0,0.0,0.0,0.0,0.0,-0.017293,0.0,0.0,0.0,0.0,0.0,0.0],
		"Cxy":[0.006735,0.0,-0.016306,0.0,-0.007244,0.0,0.0,0.0,0.0,-0.024012,0.0,0.0,0.0,0.0,0.0,0.0,0.005193,0.0,0.0,0.0,0.0,0.046605,0.0,0.0,0.0,0.0,0.0,0.0,-0.007366,0.0,0.0,0.0,0.0,0.0,0.0,0.0,0.0,0.0,0.0,0.0,0.0,0.0,-0.001730,-0.003370,0.000861,0.0,0.0,0.0,0.0,0.0]
	},
	"Ka5_75_19A_D_2_07": {
		"D":2.07,
		"x":[0,0,0,0,0,0,0,1,1,1,1,1,1,1,2,2,2,2,2,2,2,3,3,3,3,3,3,3,4,4,4,4,4,4,4,5,5,5,5,5,5,5,6,6,6,6,6,6,6,0],
		"y":[0,1,2,3,4,5,6,0,1,2,3,4,5,6,0,1,2,3,4,5,6,0,1,2,3,4,5,6,0,1,2,3,4,5,6,0,1,2,3,4,5,6,0,1,2,3,4,5,6,7],
		"Axy":[0.033000,-0.153463,0.0,-0.398491,0.0,0.0,0.0,0.0,-0.435515,0.0,0.0,0.0,0.0,0.0,0.664045,0.0,0.283225,0.0,0.0,0.0,0.0,-0.162764,0.0,0.0,0.0,0.0,0.0,0.0,0.0,0.0,0.0,0.0,0.0,0.0,0.0,0.0,0.0,0.0,0.0,0.0,0.0,0.0,0.0,-0.017208,0.0,0.0,0.0,0.0,0.0,0.0],
		"Cxy":[0.007210,0.0,-0.014670,0.0,-0.006398,0.0,0.0,0.0,0.0,-0.031380,0.0,0.0,0.0,0.0,0.0,0.0,0.010386,0.0,0.0,0.0,0.0,0.053169,0.0,0.0,0.0,0.0,0.0,0.0,-0.014731,0.0,0.0,0.0,0.0,0.0,0.0,0.0,0.0,0.0,0.0,0.0,0.0,0.0,0.0,0.0,0.0,0.0,0.0,0.0,0.0,0.0]
	}
}