{
	"ABC_6DXC_750": {
		"p":[-0.012314460410456,0.131276055621712,0.011488766919637],
		"nm":79.59
	},
	"ABC_6DXC_750_renewed": {
		"p":[-0.012141807374793,0.133071765562109,0.018420550436685],
		"nm":79.59
	},
	"ABC_6DXC_750_worn": {
		"p":[-0.011713265441098,0.121016821554384,0.033929841791626],
		"nm":79.59
	},
	"Mitsubishi_S6R2_1200": {
		"p":[-0.021294456118529,0.085526611661305,0.293384768350290],
		"nm":125.7
	},
	"Mitsubishi_S6R2_1500": {
		"p":[-0.012359098189733,0.079985262304863,0.245976709155197],
		"nm":157.1
	}
}